Workbook

Sheet Dashboard
A1: DEMAND & INVENTORY PLANNING DASHBOARD
A3: Footwear Planning Simulation | Excel Data Analysis Project
A5: TOTAL DEMAND | D5: TOTAL RECEIVING | G5: DRA % | J5: TOTAL ORDERS | M5: INVENTORY
A6: ='Planning Summary'!B4 -> 298289 | D6: ='Planning Summary'!B5 -> 283585 | G6: ='Planning Summary'!B6 -> 0.95070552 | J6: ='Planning Summary'!B7 -> 298732 | M6: ='Planning Summary'!B8 -> 49211

Sheet Raw Data
A1: Month | B1: Product | C1: Category | D1: Region | E1: Supplier | F1: Demand | G1: Production | H1: Receiving | I1: Order Qty | J1: Opening Inventory | K1: Closing Inventory | L1: Unit Price | M1: DRA % | N1: Forward Cover (Months) | O1: Demand Variance | P1: Inventory Status | Q1: Supply Status | R1: Inventory Value
A2: 45658 | B2: Runner X | C2: Running Shoe | D2: Dhaka | E2: Supplier A | F2: 719 | G2: 705 | H2: 623 | I2: 686 | J2: 403 | K2: 307 | L2: 1800 | M2: =IFERROR(H2/F2,0) -> 0.86648122 | N2: =IFERROR(K2/F2*12,0) -> 5.123783 | O2: =F2-H2 -> 96 | P2: =IF(N2<1,"Low",IF(N2<=2,"Medium","Healthy")) -> Healthy | Q2: =IF(H2<F2,"Short Supply","On Track") -> Short Supply | R2: =K2*L2 -> 552600
A3: 45658 | B3: Runner X | C3: Running Shoe | D3: Chattogram | E3: Supplier C | F3: 650 | G3: 683 | H3: 668 | I3: 641 | J3: 287 | K3: 305 | L3: 1800 | M3: =IFERROR(H3/F3,0) -> 1.0276923 | N3: =IFERROR(K3/F3*12,0) -> 5.6307692 | O3: =F3-H3 -> -18 | P3: =IF(N3<1,"Low",IF(N3<=2,"Medium","Healthy")) -> Healthy | Q3: =IF(H3<F3,"Short Supply","On Track") -> On Track | R3: =K3*L3 -> 549000
A4: 45658 | B4: Runner X | C4: Running Shoe | D4: Sylhet | E4: Supplier B | F4: 518 | G4: 456 | H4: 452 | I4: 534 | J4: 198 | K4: 132 | L4: 1800 | M4: =IFERROR(H4/F4,0) -> 0.87258687 | N4: =IFERROR(K4/F4*12,0) -> 3.0579151 | O4: =F4-H4 -> 66 | P4: =IF(N4<1,"Low",IF(N4<=2,"Medium","Healthy")) -> Healthy | Q4: =IF(H4<F4,"Short Supply","On Track") -> Short Supply | R4: =K4*L4 -> 237600
A5: 45658 | B5: Runner X | C5: Running Shoe | D5: Rajshahi | E5: Supplier C | F5: 400 | G5: 425 | H5: 380 | I5: 392 | J5: 148 | K5: 128 | L5: 1800 | M5: =IFERROR(H5/F5,0) -> 0.95 | N5: =IFERROR(K5/F5*12,0) -> 3.84 | O5: =F5-H5 -> 20 | P5: =IF(N5<1,"Low",IF(N5<=2,"Medium","Healthy")) -> Healthy | Q5: =IF(H5<F5,"Short Supply","On Track") -> Short Supply | R5: =K5*L5 -> 230400
A6: 45658 | B6: Runner X | C6: Running Shoe | D6: Khulna | E6: Supplier D | F6: 501 | G6: 537 | H6: 527 | I6: 503 | J6: 172 | K6: 198 | L6: 1800 | M6: =IFERROR(H6/F6,0) -> 1.0518962 | N6: =IFERROR(K6/F6*12,0) -> 4.742515 | O6: =F6-H6 -> -26 | P6: =IF(N6<1,"Low",IF(N6<=2,"Medium","Healthy")) -> Healthy | Q6: =IF(H6<F6,"Short Supply","On Track") -> On Track | R6: =K6*L6 -> 356400
A7: 45658 | B7: Urban Walk | C7: Casual Shoe | D7: Dhaka | E7: Supplier B | F7: 582 | G7: 553 | H7: 535 | I7: 617 | J7: 165 | K7: 118 | L7: 1600 | M7: =IFERROR(H7/F7,0) -> 0.91924399 | N7: =IFERROR(K7/F7*12,0) -> 2.4329897 | O7: =F7-H7 -> 47 | P7: =IF(N7<1,"Low",IF(N7<=2,"Medium","Healthy")) -> Healthy | Q7: =IF(H7<F7,"Short Supply","On Track") -> Short Supply | R7: =K7*L7 -> 188800
A8: 45658 | B8: Urban Walk | C8: Casual Shoe | D8: Chattogram | E8: Supplier B | F8: 550 | G8: 490 | H8: 446 | I8: 531 | J8: 90 | K8: 0 | L8: 1600 | M8: =IFERROR(H8/F8,0) -> 0.81090909 | N8: =IFERROR(K8/F8*12,0) -> 0 | O8: =F8-H8 -> 104 | P8: =IF(N8<1,"Low",IF(N8<=2,"Medium","Healthy")) -> Low | Q8: =IF(H8<F8,"Short Supply","On Track") -> Short Supply | R8: =K8*L8 -> 0
A9: 45658 | B9: Urban Walk | C9: Casual Shoe | D9: Sylhet | E9: Supplier C | F9: 427 | G9: 414 | H9: 390 | I9: 449 | J9: 73 | K9: 36 | L9: 1600 | M9: =IFERROR(H9/F9,0) -> 0.91334895 | N9: =IFERROR(K9/F9*12,0) -> 1.0117096 | O9: =F9-H9 -> 37 | P9: =IF(N9<1,"Low",IF(N9<=2,"Medium","Healthy")) -> Medium | Q9: =IF(H9<F9,"Short Supply","On Track") -> Short Supply | R9: =K9*L9 -> 57600
A10: 45658 | B10: Urban Walk | C10: Casual Shoe | D10: Rajshahi | E10: Supplier B | F10: 324 | G10: 305 | H10: 308 | I10: 331 | J10: 108 | K10: 92 | L10: 1600 | M10: =IFERROR(H10/F10,0) -> 0.95061728 | N10: =IFERROR(K10/F10*12,0) -> 3.4074074 | O10: =F10-H10 -> 16 | P10: =IF(N10<1,"Low",IF(N10<=2,"Medium","Healthy")) -> Healthy | Q10: =IF(H10<F10,"Short Supply","On Track") -> Short Supply | R10: =K10*L10 -> 147200
A11: 45658 | B11: Urban Walk | C11: Casual Shoe | D11: Khulna | E11: Supplier B | F11: 399 | G11: 374 | H11: 353 | I11: 384 | J11: 134 | K11: 88 | L11: 1600 | M11: =IFERROR(H11/F11,0) -> 0.88471178 | N11: =IFERROR(K11/F11*12,0) -> 2.6466165 | O11: =F11-H11 -> 46 | P11: =IF(N11<1,"Low",IF(N11<=2,"Medium","Healthy")) -> Healthy | Q11: =IF(H11<F11,"Short Supply","On Track") -> Short Supply | R11: =K11*L11 -> 140800
A12: 45658 | B12: Classic Pro | C12: Formal Shoe | D12: Dhaka | E12: Supplier C | F12: 595 | G12: 643 | H12: 635 | I12: 569 | J12: 93 | K12: 133 | L12: 1300 | M12: =IFERROR(H12/F12,0) -> 1.0672269 | N12: =IFERROR(K12/F12*12,0) -> 2.6823529 | O12: =F12-H12 -> -40 | P12: =IF(N12<1,"Low",IF(N12<=2,"Medium","Healthy")) -> Healthy | Q12: =IF(H12<F12,"Short Supply","On Track") -> On Track | R12: =K12*L12 -> 172900
A13: 45658 | B13: Classic Pro | C13: Formal Shoe | D13: Chattogram | E13: Supplier B | F13: 425 | G13: 380 | H13: 382 | I13: 429 | J13: 132 | K13: 89 | L13: 1300 | M13: =IFERROR(H13/F13,0) -> 0.89882353 | N13: =IFERROR(K13/F13*12,0) -> 2.5129412 | O13: =F13-H13 -> 43 | P13: =IF(N13<1,"Low",IF(N13<=2,"Medium","Healthy")) -> Healthy | Q13: =IF(H13<F13,"Short Supply","On Track") -> Short Supply | R13: =K13*L13 -> 115700
... A601: 45992 | B601: Daily Step | C601: Casual Shoe | D601: Khulna | E601: Supplier B | F601: 487 | G601: 492 | H601: 454 | I601: 505 | J601: 104 | K601: 71 | L601: 1450 | M601: =IFERROR(H601/F601,0) -> 0.93223819 | N601: =IFERROR(K601/F601*12,0) -> 1.7494867 | O601: =F601-H601 -> 33 | P601: =IF(N601<1,"Low",IF(N601<=2,"Medium","Healthy")) -> Medium | Q601: =IF(H601<F601,"Short Supply","On Track") -> Short Supply | R601: =K601*L601 -> 102950

Sheet Planning Summary
A1: Demand & Inventory Planning Summary
A4: Total Demand | B4: =SUM('Raw Data'!F2:F601) -> 298289
A5: Total Receiving | B5: =SUM('Raw Data'!H2:H601) -> 283585
A6: DRA % | B6: =IFERROR(B5/B4,0) -> 0.95070552
A7: Total Orders | B7: =SUM('Raw Data'!I2:I601) -> 298732
A8: Closing Inventory | B8: =SUM('Raw Data'!K2:K601) -> 49211
A9: Inventory Value | B9: =SUM('Raw Data'!R2:R601) -> 73787650
A12: Monthly Planning Trend
A13: Month | B13: Demand | C13: Production | D13: Receiving | E13: Orders | F13: Closing Inventory
A14: 45658 | B14: =SUMIFS('Raw Data'!$F$2:$F$601,'Raw Data'!$A$2:$A$601,A14) -> 21012 | C14: =SUMIFS('Raw Data'!$G$2:$G$601,'Raw Data'!$A$2:$A$601,A14) -> 20852 | D14: =SUMIFS('Raw Data'!$H$2:$H$601,'Raw Data'!$A$2:$A$601,A14) -> 19962 | E14: =SUMIFS('Raw Data'!$I$2:$I$601,'Raw Data'!$A$2:$A$601,A14) -> 20721 | F14: =SUMIFS('Raw Data'!$K$2:$K$601,'Raw Data'!$A$2:$A$601,A14) -> 7419
A15: 45689 | B15: =SUMIFS('Raw Data'!$F$2:$F$601,'Raw Data'!$A$2:$A$601,A15) -> 20789 | C15: =SUMIFS('Raw Data'!$G$2:$G$601,'Raw Data'!$A$2:$A$601,A15) -> 20594 | D15: =SUMIFS('Raw Data'!$H$2:$H$601,'Raw Data'!$A$2:$A$601,A15) -> 19574 | E15: =SUMIFS('Raw Data'!$I$2:$I$601,'Raw Data'!$A$2:$A$601,A15) -> 20965 | F15: =SUMIFS('Raw Data'!$K$2:$K$601,'Raw Data'!$A$2:$A$601,A15) -> 4105
A16: 45717 | B16: =SUMIFS('Raw Data'!$F$2:$F$601,'Raw Data'!$A$2:$A$601,A16) -> 23220 | C16: =SUMIFS('Raw Data'!$G$2:$G$601,'Raw Data'!$A$2:$A$601,A16) -> 23453 | D16: =SUMIFS('Raw Data'!$H$2:$H$601,'Raw Data'!$A$2:$A$601,A16) -> 21956 | E16: =SUMIFS('Raw Data'!$I$2:$I$601,'Raw Data'!$A$2:$A$601,A16) -> 23165 | F16: =SUMIFS('Raw Data'!$K$2:$K$601,'Raw Data'!$A$2:$A$601,A16) -> 3808
A17: 45748 | B17: =SUMIFS('Raw Data'!$F$2:$F$601,'Raw Data'!$A$2:$A$601,A17) -> 24183 | C17: =SUMIFS('Raw Data'!$G$2:$G$601,'Raw Data'!$A$2:$A$601,A17) -> 24309 | D17: =SUMIFS('Raw Data'!$H$2:$H$601,'Raw Data'!$A$2:$A$601,A17) -> 23098 | E17: =SUMIFS('Raw Data'!$I$2:$I$601,'Raw Data'!$A$2:$A$601,A17) -> 24167 | F17: =SUMIFS('Raw Data'!$K$2:$K$601,'Raw Data'!$A$2:$A$601,A17) -> 3855
A18: 45778 | B18: =SUMIFS('Raw Data'!$F$2:$F$601,'Raw Data'!$A$2:$A$601,A18) -> 24656 | C18: =SUMIFS('Raw Data'!$G$2:$G$601,'Raw Data'!$A$2:$A$601,A18) -> 24606 | D18: =SUMIFS('Raw Data'!$H$2:$H$601,'Raw Data'!$A$2:$A$601,A18) -> 23512 | E18: =SUMIFS('Raw Data'!$I$2:$I$601,'Raw Data'!$A$2:$A$601,A18) -> 24759 | F18: =SUMIFS('Raw Data'!$K$2:$K$601,'Raw Data'!$A$2:$A$601,A18) -> 3871
A19: 45809 | B19: =SUMIFS('Raw Data'!$F$2:$F$601,'Raw Data'!$A$2:$A$601,A19) -> 26956 | C19: =SUMIFS('Raw Data'!$G$2:$G$601,'Raw Data'!$A$2:$A$601,A19) -> 27458 | D19: =SUMIFS('Raw Data'!$H$2:$H$601,'Raw Data'!$A$2:$A$601,A19) -> 25937 | E19: =SUMIFS('Raw Data'!$I$2:$I$601,'Raw Data'!$A$2:$A$601,A19) -> 27138 | F19: =SUMIFS('Raw Data'!$K$2:$K$601,'Raw Data'!$A$2:$A$601,A19) -> 3979
A20: 45839 | B20: =SUMIFS('Raw Data'!$F$2:$F$601,'Raw Data'!$A$2:$A$601,A20) -> 23175 | C20: =SUMIFS('Raw Data'!$G$2:$G$601,'Raw Data'!$A$2:$A$601,A20) -> 22910 | D20: =SUMIFS('Raw Data'!$H$2:$H$601,'Raw Data'!$A$2:$A$601,A20) -> 21711 | E20: =SUMIFS('Raw Data'!$I$2:$I$601,'Raw Data'!$A$2:$A$601,A20) -> 23279 | F20: =SUMIFS('Raw Data'!$K$2:$K$601,'Raw Data'!$A$2:$A$601,A20) -> 3582
A21: 45870 | B21: =SUMIFS('Raw Data'!$F$2:$F$601,'Raw Data'!$A$2:$A$601,A21) -> 24659 | C21: =SUMIFS('Raw Data'!$G$2:$G$601,'Raw Data'!$A$2:$A$601,A21) -> 24815 | D21: =SUMIFS('Raw Data'!$H$2:$H$601,'Raw Data'!$A$2:$A$601,A21) -> 23584 | E21: =SUMIFS('Raw Data'!$I$2:$I$601,'Raw Data'!$A$2:$A$601,A21) -> 24446 | F21: =SUMIFS('Raw Data'!$K$2:$K$601,'Raw Data'!$A$2:$A$601,A21) -> 3852
A22: 45901 | B22: =SUMIFS('Raw Data'!$F$2:$F$601,'Raw Data'!$A$2:$A$601,A22) -> 27403 | C22: =SUMIFS('Raw Data'!$G$2:$G$601,'Raw Data'!$A$2:$A$601,A22) -> 27549 | D22: =SUMIFS('Raw Data'!$H$2:$H$601,'Raw Data'!$A$2:$A$601,A22) -> 25884 | E22: =SUMIFS('Raw Data'!$I$2:$I$601,'Raw Data'!$A$2:$A$601,A22) -> 27647 | F22: =SUMIFS('Raw Data'!$K$2:$K$601,'Raw Data'!$A$2:$A$601,A22) -> 3324
A23: 45931 | B23: =SUMIFS('Raw Data'!$F$2:$F$601,'Raw Data'!$A$2:$A$601,A23) -> 28743 | C23: =SUMIFS('Raw Data'!$G$2:$G$601,'Raw Data'!$A$2:$A$601,A23) -> 28730 | D23: =SUMIFS('Raw Data'!$H$2:$H$601,'Raw Data'!$A$2:$A$601,A23) -> 27209 | E23: =SUMIFS('Raw Data'!$I$2:$I$601,'Raw Data'!$A$2:$A$601,A23) -> 28839 | F23: =SUMIFS('Raw Data'!$K$2:$K$601,'Raw Data'!$A$2:$A$601,A23) -> 3992
A24: 45962 | B24: =SUMIFS('Raw Data'!$F$2:$F$601,'Raw Data'!$A$2:$A$601,A24) -> 26018 | C24: =SUMIFS('Raw Data'!$G$2:$G$601,'Raw Data'!$A$2:$A$601,A24) -> 26159 | D24: =SUMIFS('Raw Data'!$H$2:$H$601,'Raw Data'!$A$2:$A$601,A24) -> 25148 | E24: =SUMIFS('Raw Data'!$I$2:$I$601,'Raw Data'!$A$2:$A$601,A24) -> 26153 | F24: =SUMIFS('Raw Data'!$K$2:$K$601,'Raw Data'!$A$2:$A$601,A24) -> 3901
A25: 45992 | B25: =SUMIFS('Raw Data'!$F$2:$F$601,'Raw Data'!$A$2:$A$601,A25) -> 27475 | C25: =SUMIFS('Raw Data'!$G$2:$G$601,'Raw Data'!$A$2:$A$601,A25) -> 27569 | D25: =SUMIFS('Raw Data'!$H$2:$H$601,'Raw Data'!$A$2:$A$601,A25) -> 26010 | E25: =SUMIFS('Raw Data'!$I$2:$I$601,'Raw Data'!$A$2:$A$601,A25) -> 27453 | F25: =SUMIFS('Raw Data'!$K$2:$K$601,'Raw Data'!$A$2:$A$601,A25) -> 3523
A28: Category Performance
A29: Category | B29: Demand | C29: Receiving | D29: DRA % | E29: Closing Inventory
A30: Casual Shoe | B30: =SUMIFS('Raw Data'!$F$2:$F$601,'Raw Data'!$C$2:$C$601,A30) -> 59754 | C30: =SUMIFS('Raw Data'!$H$2:$H$601,'Raw Data'!$C$2:$C$601,A30) -> 56649 | D30: =IFERROR(C30/B30,0) -> 0.94803695 | E30: =SUMIFS('Raw Data'!$K$2:$K$601,'Raw Data'!$C$2:$C$601,A30) -> 9559
A31: Formal Shoe | B31: =SUMIFS('Raw Data'!$F$2:$F$601,'Raw Data'!$C$2:$C$601,A31) -> 27332 | C31: =SUMIFS('Raw Data'!$H$2:$H$601,'Raw Data'!$C$2:$C$601,A31) -> 25977 | D31: =IFERROR(C31/B31,0) -> 0.95042441 | E31: =SUMIFS('Raw Data'!$K$2:$K$601,'Raw Data'!$C$2:$C$601,A31) -> 4599
A32: Loafer | B32: =SUMIFS('Raw Data'!$F$2:$F$601,'Raw Data'!$C$2:$C$601,A32) -> 25922 | C32: =SUMIFS('Raw Data'!$H$2:$H$601,'Raw Data'!$C$2:$C$601,A32) -> 23934 | D32: =IFERROR(C32/B32,0) -> 0.92330839 | E32: =SUMIFS('Raw Data'!$K$2:$K$601,'Raw Data'!$C$2:$C$601,A32) -> 4261
A33: Outdoor Shoe | B33: =SUMIFS('Raw Data'!$F$2:$F$601,'Raw Data'!$C$2:$C$601,A33) -> 29026 | C33: =SUMIFS('Raw Data'!$H$2:$H$601,'Raw Data'!$C$2:$C$601,A33) -> 27287 | D33: =IFERROR(C33/B33,0) -> 0.9400882 | E33: =SUMIFS('Raw Data'!$K$2:$K$601,'Raw Data'!$C$2:$C$601,A33) -> 4389
A34: Running Shoe | B34: =SUMIFS('Raw Data'!$F$2:$F$601,'Raw Data'!$C$2:$C$601,A34) -> 38076 | C34: =SUMIFS('Raw Data'!$H$2:$H$601,'Raw Data'!$C$2:$C$601,A34) -> 36347 | D34: =IFERROR(C34/B34,0) -> 0.95459082 | E34: =SUMIFS('Raw Data'!$K$2:$K$601,'Raw Data'!$C$2:$C$601,A34) -> 5120
A35: Sandal | B35: =SUMIFS('Raw Data'!$F$2:$F$601,'Raw Data'!$C$2:$C$601,A35) -> 21897 | C35: =SUMIFS('Raw Data'!$H$2:$H$601,'Raw Data'!$C$2:$C$601,A35) -> 21164 | D35: =IFERROR(C35/B35,0) -> 0.96652509 | E35: =SUMIFS('Raw Data'!$K$2:$K$601,'Raw Data'!$C$2:$C$601,A35) -> 5633
A36: School Shoe | B36: =SUMIFS('Raw Data'!$F$2:$F$601,'Raw Data'!$C$2:$C$601,A36) -> 24316 | C36: =SUMIFS('Raw Data'!$H$2:$H$601,'Raw Data'!$C$2:$C$601,A36) -> 23116 | D36: =IFERROR(C36/B36,0) -> 0.95064978 | E36: =SUMIFS('Raw Data'!$K$2:$K$601,'Raw Data'!$C$2:$C$601,A36) -> 5147
A37: Sneaker | B37: =SUMIFS('Raw Data'!$F$2:$F$601,'Raw Data'!$C$2:$C$601,A37) -> 35569 | C37: =SUMIFS('Raw Data'!$H$2:$H$601,'Raw Data'!$C$2:$C$601,A37) -> 34442 | D37: =IFERROR(C37/B37,0) -> 0.96831511 | E37: =SUMIFS('Raw Data'!$K$2:$K$601,'Raw Data'!$C$2:$C$601,A37) -> 5053
A38: Sports Shoe | B38: =SUMIFS('Raw Data'!$F$2:$F$601,'Raw Data'!$C$2:$C$601,A38) -> 36397 | C38: =SUMIFS('Raw Data'!$H$2:$H$601,'Raw Data'!$C$2:$C$601,A38) -> 34669 | D38: =IFERROR(C38/B38,0) -> 0.95252356 | E38: =SUMIFS('Raw Data'!$K$2:$K$601,'Raw Data'!$C$2:$C$601,A38) -> 5450

Sheet Project Guide
A1: How to Present This Project in Your CV
A4: Project Title | B4: Demand & Inventory Planning Dashboard | Microsoft Excel
A5: Business Context | B5: Footwear demand, receiving, production, order and inventory planning simulation.
A6: Key Excel Skills | B6: Excel Tables, SUMIFS, IFERROR, Pivot-style summaries, charts, conditional formatting, KPI reporting.
A7: Planning Metrics | B7: Demand, Production, Receiving, DRA %, Order Quantity, Closing Inventory, Forward Cover, Inventory Value.
A8: CV Bullet 1 | B8: Analyzed monthly demand, production, receiving, order and inventory data to identify supply-demand gaps.
A9: CV Bullet 2 | B9: Calculated DRA %, forward cover and inventory value to identify potential stock-out and overstock risks.
A10: CV Bullet 3 | B10: Built an interactive management dashboard with KPI cards and trend/category analysis for planning decisions.
A11: Interview Point | B11: Explain how you would use demand trends, receiving accuracy and inventory cover to support replenishment decisions.
